{
  "format_version": "1.12.0",
  "minecraft:geometry": [
    {
      "description": {
        "identifier": "minecraft:decorated_pot_sides#main",
        "texture_width": 16,
        "texture_height": 16
      },
      "bones": [
        {
          "name": "left",
          "pivot": [
            1.0,
            8.0,
            1.0
          ],
          "rotation": [
            0.0,
            -90.00000250447816,
            180.00000500895632
          ],
          "cubes": [
            {
              "origin": [
                1.0,
                -8.0,
                1.0
              ],
              "size": [
                14.0,
                16.0,
                0.0
              ],
              "inflate": 0.0,
              "uv": [
                1.0,
                0.0
              ],
              "mirror": false
            }
          ]
        },
        {
          "name": "back",
          "pivot": [
            15.0,
            8.0,
            1.0
          ],
          "rotation": [
            0.0,
            0.0,
            180.00000500895632
          ],
          "cubes": [
            {
              "origin": [
                15.0,
                -8.0,
                1.0
              ],
              "size": [
                14.0,
                16.0,
                0.0
              ],
              "inflate": 0.0,
              "uv": [
                1.0,
                0.0
              ],
              "mirror": false
            }
          ]
        },
        {
          "name": "right",
          "pivot": [
            15.0,
            8.0,
            15.0
          ],
          "rotation": [
            0.0,
            90.00000250447816,
            180.00000500895632
          ],
          "cubes": [
            {
              "origin": [
                15.0,
                -8.0,
                15.0
              ],
              "size": [
                14.0,
                16.0,
                0.0
              ],
              "inflate": 0.0,
              "uv": [
                1.0,
                0.0
              ],
              "mirror": false
            }
          ]
        },
        {
          "name": "front",
          "pivot": [
            1.0,
            8.0,
            15.0
          ],
          "rotation": [
            180.00000500895632,
            0.0,
            0.0
          ],
          "cubes": [
            {
              "origin": [
                1.0,
                -8.0,
                15.0
              ],
              "size": [
                14.0,
                16.0,
                0.0
              ],
              "inflate": 0.0,
              "uv": [
                1.0,
                0.0
              ],
              "mirror": false
            }
          ]
        }
      ]
    }
  ]
}