{
  "format_version": "1.12.0",
  "minecraft:geometry": [
    {
      "description": {
        "identifier": "minecraft:squid#main",
        "texture_width": 64,
        "texture_height": 32
      },
      "bones": [
        {
          "name": "tentacle0",
          "pivot": [
            5.0,
            9.0,
            0.0
          ],
          "rotation": [
            0.0,
            90.00000250447816,
            0.0
          ],
          "cubes": [
            {
              "origin": [
                4.0,
                -9.0,
                -1.0
              ],
              "size": [
                2.0,
                18.0,
                2.0
              ],
              "inflate": 0.0,
              "uv": [
                48.0,
                0.0
              ],
              "mirror": false
            }
          ]
        },
        {
          "name": "tentacle1",
          "pivot": [
            3.535534,
            9.0,
            3.535534
          ],
          "rotation": [
            0.0,
            45.00000125223908,
            0.0
          ],
          "cubes": [
            {
              "origin": [
                2.535534,
                -9.0,
                2.535534
              ],
              "size": [
                2.0,
                18.0,
                2.0
              ],
              "inflate": 0.0,
              "uv": [
                48.0,
                0.0
              ],
              "mirror": false
            }
          ]
        },
        {
          "name": "tentacle6",
          "pivot": [
            -9.18485E-16,
            9.0,
            -5.0
          ],
          "rotation": [
            0.0,
            -180.00000500895632,
            0.0
          ],
          "cubes": [
            {
              "origin": [
                -1.0,
                -9.0,
                -6.0
              ],
              "size": [
                2.0,
                18.0,
                2.0
              ],
              "inflate": 0.0,
              "uv": [
                48.0,
                0.0
              ],
              "mirror": false
            }
          ]
        },
        {
          "name": "tentacle7",
          "pivot": [
            3.535534,
            9.0,
            -3.535534
          ],
          "rotation": [
            0.0,
            -224.99999601591165,
            0.0
          ],
          "cubes": [
            {
              "origin": [
                2.535534,
                -9.0,
                -4.535534
              ],
              "size": [
                2.0,
                18.0,
                2.0
              ],
              "inflate": 0.0,
              "uv": [
                48.0,
                0.0
              ],
              "mirror": false
            }
          ]
        },
        {
          "name": "body",
          "pivot": [
            0.0,
            16.0,
            0.0
          ],
          "rotation": [
            0.0,
            0.0,
            0.0
          ],
          "cubes": [
            {
              "origin": [
                -6.0,
                8.0,
                -6.0
              ],
              "size": [
                12.0,
                16.0,
                12.0
              ],
              "inflate": 0.019999999552965164,
              "uv": [
                0.0,
                0.0
              ],
              "mirror": false
            }
          ]
        },
        {
          "name": "tentacle4",
          "pivot": [
            -5.0,
            9.0,
            6.123234E-16
          ],
          "rotation": [
            0.0,
            -90.00000250447816,
            0.0
          ],
          "cubes": [
            {
              "origin": [
                -6.0,
                -9.0,
                -1.0
              ],
              "size": [
                2.0,
                18.0,
                2.0
              ],
              "inflate": 0.0,
              "uv": [
                48.0,
                0.0
              ],
              "mirror": false
            }
          ]
        },
        {
          "name": "tentacle5",
          "pivot": [
            -3.535534,
            9.0,
            -3.535534
          ],
          "rotation": [
            0.0,
            -135.00000034162267,
            0.0
          ],
          "cubes": [
            {
              "origin": [
                -4.535534,
                -9.0,
                -4.535534
              ],
              "size": [
                2.0,
                18.0,
                2.0
              ],
              "inflate": 0.0,
              "uv": [
                48.0,
                0.0
              ],
              "mirror": false
            }
          ]
        },
        {
          "name": "tentacle2",
          "pivot": [
            3.061617E-16,
            9.0,
            5.0
          ],
          "rotation": [
            0.0,
            0.0,
            0.0
          ],
          "cubes": [
            {
              "origin": [
                -1.0,
                -9.0,
                4.0
              ],
              "size": [
                2.0,
                18.0,
                2.0
              ],
              "inflate": 0.0,
              "uv": [
                48.0,
                0.0
              ],
              "mirror": false
            }
          ]
        },
        {
          "name": "tentacle3",
          "pivot": [
            -3.535534,
            9.0,
            3.535534
          ],
          "rotation": [
            0.0,
            -45.00000125223908,
            0.0
          ],
          "cubes": [
            {
              "origin": [
                -4.535534,
                -9.0,
                2.535534
              ],
              "size": [
                2.0,
                18.0,
                2.0
              ],
              "inflate": 0.0,
              "uv": [
                48.0,
                0.0
              ],
              "mirror": false
            }
          ]
        }
      ]
    }
  ]
}